[
    {
        "name":  "秦皇岛市",
        "country":  "China"
    },
    {
        "name":  "邯郸市",
        "country":  "China"
    },
    {
        "name":  "邢台市",
        "country":  "China"
    },
    {
        "name":  "张家口市",
        "country":  "China"
    },
    {
        "name":  "承德市",
        "country":  "China"
    },
    {
        "name":  "沧州市",
        "country":  "China"
    },
    {
        "name":  "廊坊市",
        "country":  "China"
    },
    {
        "name":  "衡水市",
        "country":  "China"
    },
    {
        "name":  "大同市",
        "country":  "China"
    },
    {
        "name":  "阳泉市",
        "country":  "China"
    },
    {
        "name":  "长治市",
        "country":  "China"
    },
    {
        "name":  "晋城市",
        "country":  "China"
    },
    {
        "name":  "朔州市",
        "country":  "China"
    },
    {
        "name":  "晋中市",
        "country":  "China"
    },
    {
        "name":  "运城市",
        "country":  "China"
    },
    {
        "name":  "忻州市",
        "country":  "China"
    },
    {
        "name":  "临汾市",
        "country":  "China"
    },
    {
        "name":  "吕梁市",
        "country":  "China"
    },
    {
        "name":  "包头市",
        "country":  "China"
    },
    {
        "name":  "乌海市",
        "country":  "China"
    },
    {
        "name":  "赤峰市",
        "country":  "China"
    },
    {
        "name":  "通辽市",
        "country":  "China"
    },
    {
        "name":  "鄂尔多斯市",
        "country":  "China"
    },
    {
        "name":  "呼伦贝尔市",
        "country":  "China"
    },
    {
        "name":  "巴彦淖尔市",
        "country":  "China"
    },
    {
        "name":  "Beijing",
        "country":  "China"
    },
    {
        "name":  "Shanghai",
        "country":  "China"
    },
    {
        "name":  "Chongqing",
        "country":  "China"
    },
    {
        "name":  "Tianjin",
        "country":  "China"
    },
    {
        "name":  "Taiyuan",
        "country":  "China"
    },
    {
        "name":  "Shijiazhuang",
        "country":  "China"
    },
    {
        "name":  "Hohhot",
        "country":  "China"
    },
    {
        "name":  "Baoding",
        "country":  "China"
    },
    {
        "name":  "Tangshan",
        "country":  "China"
    },
    {
        "name":  "乌兰察布市",
        "country":  "China"
    },
    {
        "name":  "兴安盟",
        "country":  "China"
    },
    {
        "name":  "锡林郭勒盟",
        "country":  "China"
    },
    {
        "name":  "阿拉善盟",
        "country":  "China"
    },
    {
        "name":  "鞍山市",
        "country":  "China"
    },
    {
        "name":  "抚顺市",
        "country":  "China"
    },
    {
        "name":  "本溪市",
        "country":  "China"
    },
    {
        "name":  "丹东市",
        "country":  "China"
    },
    {
        "name":  "锦州市",
        "country":  "China"
    },
    {
        "name":  "营口市",
        "country":  "China"
    },
    {
        "name":  "阜新市",
        "country":  "China"
    },
    {
        "name":  "辽阳市",
        "country":  "China"
    },
    {
        "name":  "盘锦市",
        "country":  "China"
    },
    {
        "name":  "铁岭市",
        "country":  "China"
    },
    {
        "name":  "朝阳市",
        "country":  "China"
    },
    {
        "name":  "葫芦岛市",
        "country":  "China"
    },
    {
        "name":  "吉林市",
        "country":  "China"
    },
    {
        "name":  "四平市",
        "country":  "China"
    },
    {
        "name":  "辽源市",
        "country":  "China"
    },
    {
        "name":  "通化市",
        "country":  "China"
    },
    {
        "name":  "白山市",
        "country":  "China"
    },
    {
        "name":  "松原市",
        "country":  "China"
    },
    {
        "name":  "白城市",
        "country":  "China"
    },
    {
        "name":  "延边朝鲜族自治州",
        "country":  "China"
    },
    {
        "name":  "齐齐哈尔市",
        "country":  "China"
    },
    {
        "name":  "鸡西市",
        "country":  "China"
    },
    {
        "name":  "鹤岗市",
        "country":  "China"
    },
    {
        "name":  "双鸭山市",
        "country":  "China"
    },
    {
        "name":  "大庆市",
        "country":  "China"
    },
    {
        "name":  "伊春市",
        "country":  "China"
    },
    {
        "name":  "佳木斯市",
        "country":  "China"
    },
    {
        "name":  "七台河市",
        "country":  "China"
    },
    {
        "name":  "牡丹江市",
        "country":  "China"
    },
    {
        "name":  "黑河市",
        "country":  "China"
    },
    {
        "name":  "绥化市",
        "country":  "China"
    },
    {
        "name":  "大兴安岭地区",
        "country":  "China"
    },
    {
        "name":  "常州市",
        "country":  "China"
    },
    {
        "name":  "泰州市",
        "country":  "China"
    },
    {
        "name":  "Suzhou",
        "country":  "China"
    },
    {
        "name":  "衢州市",
        "country":  "China"
    },
    {
        "name":  "舟山市",
        "country":  "China"
    },
    {
        "name":  "丽水市",
        "country":  "China"
    },
    {
        "name":  "淮南市",
        "country":  "China"
    },
    {
        "name":  "淮北市",
        "country":  "China"
    },
    {
        "name":  "铜陵市",
        "country":  "China"
    },
    {
        "name":  "黄山市",
        "country":  "China"
    },
    {
        "name":  "滁州市",
        "country":  "China"
    },
    {
        "name":  "阜阳市",
        "country":  "China"
    },
    {
        "name":  "宿州市",
        "country":  "China"
    },
    {
        "name":  "六安市",
        "country":  "China"
    },
    {
        "name":  "亳州市",
        "country":  "China"
    },
    {
        "name":  "池州市",
        "country":  "China"
    },
    {
        "name":  "宣城市",
        "country":  "China"
    },
    {
        "name":  "Hangzhou",
        "country":  "China"
    },
    {
        "name":  "Nanjing",
        "country":  "China"
    },
    {
        "name":  "Dalian",
        "country":  "China"
    },
    {
        "name":  "Shenyang",
        "country":  "China"
    },
    {
        "name":  "Ningbo",
        "country":  "China"
    },
    {
        "name":  "Harbin",
        "country":  "China"
    },
    {
        "name":  "Hefei",
        "country":  "China"
    },
    {
        "name":  "Wuxi",
        "country":  "China"
    },
    {
        "name":  "Changchun",
        "country":  "China"
    },
    {
        "name":  "Nantong",
        "country":  "China"
    },
    {
        "name":  "Wenzhou",
        "country":  "China"
    },
    {
        "name":  "Shaoxing",
        "country":  "China"
    },
    {
        "name":  "Jiaxing",
        "country":  "China"
    },
    {
        "name":  "Huzhou",
        "country":  "China"
    },
    {
        "name":  "Taizhou",
        "country":  "China"
    },
    {
        "name":  "Jinhua",
        "country":  "China"
    },
    {
        "name":  "Yangzhou",
        "country":  "China"
    },
    {
        "name":  "Zhenjiang",
        "country":  "China"
    },
    {
        "name":  "Xuzhou",
        "country":  "China"
    },
    {
        "name":  "Yancheng",
        "country":  "China"
    },
    {
        "name":  "Lianyungang",
        "country":  "China"
    },
    {
        "name":  "Huai\u0027an",
        "country":  "China"
    },
    {
        "name":  "Suqian",
        "country":  "China"
    },
    {
        "name":  "Wuhu",
        "country":  "China"
    },
    {
        "name":  "Bengbu",
        "country":  "China"
    },
    {
        "name":  "Anqing",
        "country":  "China"
    },
    {
        "name":  "Maanshan",
        "country":  "China"
    },
    {
        "name":  "Chiang Mai",
        "country":  "Thailand"
    },
    {
        "name":  "Bali",
        "country":  "Indonesia"
    },
    {
        "name":  "Lisbon",
        "country":  "Portugal"
    },
    {
        "name":  "Barcelona",
        "country":  "Spain"
    },
    {
        "name":  "Mexico City",
        "country":  "Mexico"
    }
]
